case_id,case_name,year,domain,jurisdiction,access_level,outcome,plaintiff_type,representation,outcome_type,algorithm_type,notes,legal_citation,docket_number,primary_source_url,secondary_source_url,verification_status,last_verified
EMP-01,EEOC v. iTutorGroup,2023,Employment,US-Federal,Full,Achieved,federal_agency,government,monetary,rule_based,Age discrimination in hiring algorithm; $365K settlement,EEOC v. iTutorGroup Inc.,1:22-cv-02565 (E.D.N.Y.),https://www.eeoc.gov/newsroom/itutorgroup-pay-365000-settle-eeoc-discriminatory-hiring-suit,https://www.workforcebulletin.com/assets/htmldocuments/blog/8/2023/08/2023.08.09-EEOC-v.-iTutorGroup-Joint-Notice-of-Settlement-22-cv-02565-PKC-PK.pdf,Verified,2025-01-27
EMP-02,Mobley v. Workday,2025,Employment,US-Federal,Partial,Ongoing,private_class,private_counsel,pending,machine_learning,Disparate impact challenge to AI hiring platform; NATIONWIDE COLLECTIVE ACTION certified May 2025 under ADEA; potentially millions of applicants over 40; discovery into algorithms and training data authorized,Mobley v. Workday Inc.,3:23-cv-00770 (N.D. Cal.),https://dockets.justia.com/docket/california/candce/3:2023cv00770/406941,https://www.reuters.com/legal/litigation/workday-must-face-novel-bias-claims-over-ai-screening-tools-2024-07-12/,Verified,2025-12-27
EMP-03,Harper v. Sirius XM,2025,Employment,US-Federal,None,Ongoing,private_class,private_counsel,pending,machine_learning,AI screening race discrimination claims; iCIMS system challenged,Harper v. Sirius XM Radio LLC,2:25-cv-12403 (E.D. Mich.),https://www.law360.com/cases/68935b69cc50f137a91a55e1/dockets,https://www.fisherphillips.com/en/news-insights/another-employer-faces-ai-hiring-bias-lawsuit.html,Verified,2025-01-27
EMP-04,ACLU v. Intuit/HireVue,2025,Employment,US-Federal,None,Ongoing,nonprofit,public_interest,pending,machine_learning,Deaf and Indigenous applicant discrimination; EEOC and Colorado Civil Rights Division complaint,EEOC/CCRD Charge,EEOC Charge 2025,https://www.aclu.org/press-releases/aclu-files-federal-complaint-against-hirevue-intuit-discrimination,https://assets.aclu.org/live/uploads/2025/03/Redacted-HireVue_Intuit-Complaint-of-Discrimination_Redacted.pdf,Verified,2025-01-27
EMP-05,CVS/HireVue Massachusetts,2024,Employment,US-MA,Partial,Achieved,state_AG,government,policy_change,machine_learning,Lie detector law settlement for AI video interviews,MA AG Settlement,MA AG 2024,https://www.mass.gov/news/ag-campbell-announces-settlement-with-cvs-health-over-use-of-ai-powered-job-screening-tool,,Verified,2025-01-27
EMP-06,Deyerler v. HireVue,2022,Employment,US-IL,Partial,Ongoing,private_class,private_counsel,pending,machine_learning,Illinois BIPA biometric claims; most claims survived motion to dismiss Feb 2024,Deyerler v. HireVue Inc.,1:22-cv-01284 (N.D. Ill.),https://dockets.justia.com/docket/illinois/ilndce/1:2022cv01284/413187,https://www.workforcebulletin.com/deyerler-v-hirevue-expands-biometric-privacy-law-to-ai-video-interview-platform,Verified,2025-01-27
EMP-07,Amazon Hiring Tool (Internal),2018,Employment,US-Federal,Full,Achieved,internal,internal,system_discontinued,machine_learning,Internal audit revealed gender bias; system discontinued,,Internal Review,https://www.reuters.com/article/us-amazon-com-jobs-automation-insight-idUSKCN1MK08G/,,Verified,2025-01-27
EMP-08,Amazon Flex Terminations,2023,Employment,US-Federal,None,Ongoing,individual,private_counsel,pending,machine_learning,Algorithmic deactivation of delivery drivers; mass arbitration ongoing,,Mass Arbitration,https://www.classlawgroup.com/amazon-flex-lawsuit,https://www.nelp.org/insights-research/delivering-precarity-how-amazon-flex-harms-workers-and-what-to-do-about-it/,Verified,2025-01-27
EMP-09,Instacart Tip-Baiting,2020,Employment,US-CA,Partial,Achieved,private_class,private_counsel,monetary,rule_based,$4.6M settlement for tip allocation algorithm,,CA Settlement,https://www.classaction.org/instacart-tip-theft-lawsuit,,Verified,2025-01-27
EMP-10,Uber Driver Deactivation,2021,Employment,US-Federal,None,Denied,individual,private_counsel,none,machine_learning,Arbitration enforced per FAA; no algorithmic discovery,O'Connor v. Uber Techs. Inc.,3:13-cv-03826 (N.D. Cal.),https://www.uberlitigation.com/,https://rideshare-attorneys.com/sue-uber-lyft-arbitrate-deactivation/,Verified,2025-01-27
EMP-11,Lyft Driver Deactivation,2022,Employment,US-Federal,None,Denied,individual,private_counsel,none,machine_learning,Arbitration clause barred class action; Rogers v. Lyft,Rogers v. Lyft,20-15689 (9th Cir.),https://www.classlawgroup.com/lyft-lawsuit,https://www.workcompacademy.com/2022/02/9th-circuit-sends-lyft-drivers-a-b-5-class-action-to-arbitration/,Verified,2025-01-27
EMP-12,LinkedIn Pay Discrimination,2022,Employment,US-Federal,Partial,Achieved,federal_agency,government,monetary,statistical_model,DOL settlement $1.8M for gender pay gap; algorithm found to rank men over women,DOL Settlement,OFCCP 2022,https://www.hrdive.com/news/linkedins-18m-agreement-with-dol-settles-charges-of-gender-pay-bias/623474/,https://www.shrm.org/topics-tools/news/benefits-compensation/linkedin-to-pay-1-8-million-to-settle-womens-wage-discrimination-claims,Verified,2025-01-27
EMP-13,Kroger Scheduling AI,2022,Employment,US-Federal,None,Ongoing,union,union_counsel,pending,machine_learning,UFCW union grievances over scheduling; multiple NLRB cases,,NLRB Cases,https://www.nlrb.gov/case/09-CB-233613,,Verified,2025-01-27
EMP-14,Starbucks Scheduling,2023,Employment,US-Federal,Partial,Ongoing,union,union_counsel,pending,machine_learning,NLRB complaint: hours cuts at 300 unionized stores without union negotiation; up to $30M damages,,NLRB Complaint,https://san.com/cc/federal-officials-say-starbucks-broke-the-law-when-it-cut-unionized-workers-hours/,https://news.bloomberglaw.com/daily-labor-report/starbucks-is-racking-up-labor-law-violations-as-rulings-roll-in,Verified,2025-01-27
EMP-15,Delta Biometric (DAL Global),2023,Employment,US-IL,Partial,Ongoing,private_class,private_counsel,pending,machine_learning,BIPA fingerprint scan class action; motion to dismiss denied,Nseumen v. DAL Global Services LLC,1:21-cv-02630 (N.D. Ill.),https://topclassactions.com/lawsuit-settlements/privacy/delta-airlines-baggage-handler-co-cant-get-bipa-class-action-tossed/,,Verified,2025-01-27
EMP-18,ACLU v. Aon,2024,Employment,US-Federal,None,Ongoing,nonprofit,public_interest,pending,machine_learning,FTC complaint: ADEPT-15 personality test vidAssessAI gridChallenge discriminate,,FTC Complaint,https://www.aclu.org/press-releases/aclu-files-ftc-complaint-against-major-hiring-technology-vendor-for-deceptively-marketing-online-hiring-tests-as-bias-free,https://assets.aclu.org/live/uploads/2024/05/In-re-Aon-Consulting_FTC-Act-complaint_052924.pdf,Verified,2025-01-27
EMP-19,Fifth Third Bank,2024,Employment,US-Federal,Full,Achieved,federal_agency,government,monetary,statistical_model,Auto-lending discrimination; $18M settlement,,CFPB Enforcement,https://www.consumerfinance.gov/enforcement/actions/fifth-third-bank-national-association/,,Verified,2025-01-27
EMP-20,Uber/Lyft Massachusetts,2024,Employment,US-MA,Partial,Achieved,state_AG,government,monetary,machine_learning,Gig worker classification; $175M settlement,,MA AG Settlement,https://www.mass.gov/news/ag-campbell-secures-175-million-settlement-with-uber-and-lyft,,Verified,2025-01-27
EMP-21,Uber/Lyft New York,2024,Employment,US-NY,Partial,Achieved,state_AG,government,monetary,machine_learning,Wage theft claims; $328M settlement,,NY AG Settlement,https://ag.ny.gov/press-release/2024/attorney-general-james-secures-328-million-uber-and-lyft-workers,,Verified,2025-01-27
EMP-22,Italy Teacher Mobility Algorithm,2019,Employment,Italy,Full,Achieved,union,union_counsel,system_modified,rule_based,Source code disclosed by court order,TAR Lazio,Italian Administrative Court,https://algorithmwatch.org/en/italian-teachers-algorithm-court-ruling/,,Verified,2025-01-27
EMP-23,Italy Deliveroo,2021,Employment,Italy,Partial,Achieved,union,union_counsel,injunctive,machine_learning,Algorithm found to discriminate workers; reliability scoring struck down,Tribunale di Bologna,Bologna Labour Court,https://techcrunch.com/2021/01/04/italian-court-rules-against-discriminatory-deliveroo-rider-ranking-algorithm/,https://apps.eurofound.europa.eu/platformeconomydb/italian-court-rules-that-the-deliveroo-algorithm-discriminates-workers-106121,Verified,2025-01-27
EMP-24,Brazil Credit Screening Employment,2022,Employment,Brazil,Partial,Achieved,individual,private_counsel,injunctive,statistical_model,TST ruled credit algorithms cannot be used for employment decisions,TST SDI-I,Superior Labor Court,https://www.littler.com/news-analysis/asap/brazil-data-protection-law-litigation-context-employment,,Verified,2025-01-27
EMP-25,Uber/Ola Amsterdam,2021,Employment,Netherlands,Partial,Achieved,union,public_interest,policy_change,machine_learning,GDPR Article 22 algorithmic transparency; first ADM ruling under GDPR,Rb. Amsterdam,C/13/689705/HA RK 20-258,https://gdprhub.eu/index.php?title=Rb._Amsterdam_-_C%2F13%2F689705%2FHA_RK_20-258,https://techcrunch.com/2023/04/05/uber-ola-gdpr-worker-data-access-rights-appeal/,Verified,2025-01-27
EMP-26,Spain Glovo,2021,Employment,Spain,Partial,Achieved,union,union_counsel,policy_change,machine_learning,Mandatory employment status for riders; Rider Law enacted,,Spanish Supreme Court,https://www.reuters.com/technology/spain-court-rules-food-delivery-riders-are-employees-2021-09-23/,,Verified,2025-01-27
EMP-27,Cothron v. White Castle,2023,Employment,US-IL,Partial,Achieved,private_class,private_counsel,monetary,machine_learning,BIPA per-scan damages ruling; landmark IL Supreme Court decision,Cothron v. White Castle,2023 IL 128004,https://courts.illinois.gov/Opinions/SupremeCourt/2023/129077.pdf,,Verified,2025-01-27
EMP-28,Roach v. Walmart (BIPA),2021,Employment,US-IL,Partial,Achieved,private_class,private_counsel,monetary,machine_learning,$10M BIPA settlement for handprint scans,Roach v. Walmart Inc.,2019-CH-01107 (Cook County),https://topclassactions.com/lawsuit-settlements/privacy/walmart-fights-employee-handprint-scan-class-action/,https://complianceconcourse.willkie.com/articles/news-alerts-2021-07-july-20210705-walmart-settles-bipa-class-action-suit/,Verified,2025-01-27
EMP-29,Rios v. Uber,2022,Employment,US-Federal,None,Denied,individual,private_counsel,none,machine_learning,Arbitration enforced per FAA; drivers not exempt from FAA,Singh v. Uber Techs. Inc.,3rd Circuit,https://www.hrdive.com/news/uber-drivers-must-arbitrate-wage-hour-claims-3rd-circuit/650343/,,Verified,2025-01-27
EMP-30,Proctorio Litigation,2021,Employment,US-Federal,Partial,Ongoing,private_class,public_interest,pending,machine_learning,Exam surveillance software challenges,,Multiple Courts,https://www.eff.org/cases/proctorio-litigation,,Verified,2025-01-27
EMP-31,Teleperformance Colombia,2022,Employment,Colombia,Partial,Achieved,union,union_counsel,policy_change,machine_learning,Surveillance disclosure; global union agreement signed April 2023,,Colombian Ministry of Labor,https://www.thebureauinvestigates.com/stories/2023-04-19/teleperformance-signs-historic-agreement-allowing-colombian-workers-to-unionise,https://www.nbcnews.com/tech/tech-news/big-tech-call-center-workers-face-pressure-accept-home-surveillance-n1276227,Verified,2025-01-27
EMP-32,Just Eat Netherlands,2021,Employment,Netherlands,Partial,Achieved,union,public_interest,policy_change,machine_learning,Algorithmic transparency requirements; related to Uber/Ola rulings,Rb. Amsterdam,C/13/692003/HA RK 20-302,https://gdprhub.eu/index.php?title=Rb._Amsterdam_-_C%2F13%2F692003%2FHA_RK_20-302,,Verified,2025-01-27
EMP-33,Bolt Rider Cases (EU),2022,Employment,EU,Partial,Ongoing,union,public_interest,pending,machine_learning,Multiple EU jurisdictions; GDPR claims related to Uber/Ola precedent,,Multiple Courts,https://www.workerinfoexchange.org/wie-report-managed-by-bots,,Verified,2025-01-27
EMP-34,Foodinho Italy,2021,Employment,Italy,Full,Achieved,federal_agency,government,policy_change,machine_learning,Full algorithmic disclosure ordered by Garante,,Italian DPA (Garante),https://www.garanteprivacy.it/web/guest/home/docweb/-/docweb-display/docweb/9685994,,Verified,2025-01-27
EMP-35,Belgium Deliveroo Riders,2021,Employment,Belgium,Partial,Denied,union,union_counsel,none,machine_learning,Brussels Labour Tribunal: riders are self-employed; algorithm not controlling,Brussels Labour Tribunal,Brussels Dec 2021,https://www.twobirds.com/en/insights/2021/belgium/deliveroo-judgment-in-belgium,https://www.lexology.com/library/detail.aspx?g=ee5d6ff8-461f-45df-b8b2-c968edd47d5e,Verified,2025-01-27
HOU-01,DOJ v. Meta (Housing Ads),2022,Housing,US-Federal,Full,Achieved,federal_agency,government,policy_change,machine_learning,Housing ad targeting discrimination; VRS system required,United States v. Meta Platforms Inc.,1:22-cv-05187 (S.D.N.Y.),https://www.justice.gov/crt/case/united-states-v-meta-platforms-inc-fka-facebook-inc-sdny,https://www.justice.gov/archives/opa/pr/justice-department-secures-groundbreaking-settlement-agreement-meta-platforms-formerly-known,Verified,2025-01-27
HOU-02,Louis v. SafeRent,2024,Housing,US-Federal,Full,Achieved,private_class,public_interest,monetary,statistical_model,$2.275M settlement; algorithm modified,Louis v. SafeRent Solutions LLC,Federal Court MA,https://www.nhlp.org/wp-content/uploads/Louis-v.-SafeRent.pdf,,Verified,2025-01-27
HOU-03,CT Fair Housing v. CoreLogic,2024,Housing,US-CT,Partial,Denied,nonprofit,public_interest,pending,statistical_model,CrimSAFE tenant screening; 2d Cir Feb 2026 ruled against plaintiffs on FHA and FCRA,,CT Federal Court,https://www.justice.gov/crt/case/connecticut-fair-housing-center-v-corelogic-rental-property-solutions,,Verified,2025-01-27
HOU-04,NFHA v. SafeRent,2023,Housing,US-Federal,Partial,Ongoing,nonprofit,public_interest,pending,statistical_model,National class action; discovery ongoing,,Federal Court,https://nationalfairhousing.org/nfha-v-saferent/,,Verified,2025-01-27
HOU-05,Open Communities v. PERQ/Harbor,2024,Housing,US-IL,Partial,Achieved,nonprofit,public_interest,policy_change,machine_learning,AI chatbot voucher discrimination; consent decree Jan 2024,Open Communities v. Harbor Group,23-CV-14070 (N.D. Ill.),https://www.open-communities.org/post/press-release-open-communities-reaches-accord-in-case-addressing-artificial-intelligence-communicat,https://www.wbez.org/stories/housing-lawsuit-alleges-ai-discrimination/227839b7-7f8a-491f-b37d-c69df95d475f,Verified,2025-01-27
HOU-06,Redfin Steering,2022,Housing,US-Federal,Partial,Achieved,nonprofit,public_interest,monetary,machine_learning,$4M settlement; minimum price policy changed; NFHA case,NFHA v. Redfin Corp.,W.D. Wash.,https://nationalfairhousing.org/national-fair-housing-alliance-and-redfin-agree-to-settlement-which-greatly-expands-access-to-real-estate-services-in-communities-of-color-%EF%BF%BC/,https://topclassactions.com/lawsuit-settlements/employment-labor/discrimination/redfin-settles-lawsuit-over-alleged-racist-redlining-for-4m/,Verified,2025-01-27
HOU-07,State Farm Homeowners Algorithm,2022,Housing,US-IL,Partial,Ongoing,private_class,private_counsel,pending,statistical_model,Algorithm-based claims scrutiny for Black homeowners; survived partial MTD Sept 2023,,N.D. Ill.,https://sanfordheisler.com/case/discrimination-harassment/state-farm-algorithm-bias-lawsuit/,https://www.law.nyu.edu/news/deborah-archer-cril-alexander-rose-state-farm,Verified,2025-01-27
HOU-08,ERC v. Entrata,2024,Housing,US-DC,Partial,Achieved,nonprofit,public_interest,policy_change,statistical_model,$235K settlement; Entrata to change nationwide practices,ERC v. Adams Investment Group,D.C. Superior Court,https://oag.dc.gov/release/attorney-general-schwalb-announces-resolution,https://equalrightscenter.org/press-release-two-settlements/,Verified,2025-01-27
HOU-09,Yardi Systems (Antitrust),2024,Housing,US-Federal,Partial,Ongoing,private_class,private_counsel,pending,machine_learning,Rent pricing algorithm antitrust; per se price fixing found Dec 2024,Duffy v. Yardi Systems Inc.,W.D. Wash.,https://www.hklaw.com/en/insights/publications/2024/12/latest-collusion-by-algorithm-ruling-offers-more-of-same,https://www.theantitrustattorney.com/quick-update-on-algorithmic-pricing-yardi-and-the-per-se-standard/,Verified,2025-01-27
HOU-10,Facebook Marketplace Housing,2023,Housing,US-Federal,Partial,Achieved,federal_agency,government,policy_change,machine_learning,Part of DOJ v. Meta settlement; VRS compliance metrics finalized Jan 2023,,Part of Meta settlement,https://www.consumerfinancemonitor.com/2023/01/30/justice-department-finalizes-compliance-metrics-for-metas-formerly-facebook-target-advertising-system-pursuant-to-settlement/,,Verified,2025-01-27
HOU-11,Zillow Zestimate,2019,Housing,US-Federal,None,Denied,individual,private_counsel,none,machine_learning,Accuracy claims dismissed; 7th Circuit affirmed; not appraisal,,7th Circuit,https://www.geekwire.com/2019/appeals-court-sides-zillow-lawsuit-zestimate-accuracy/,https://fgcclaw.com/zillow-zestimate-class-action-lawsuit-dismissed-with-prejudice-by-federal-judge/,Verified,2025-01-27
HOU-12,HUD v. Facebook,2019,Housing,US-Federal,Partial,Achieved,federal_agency,government,policy_change,machine_learning,Housing ad discrimination settlement,,HUD Settlement,https://www.hud.gov/press/press_releases_media_advisories/HUD_No_19_035,,Verified,2025-01-27
HOU-13,TransUnion Tenant Screening,2023,Housing,US-Federal,Partial,Achieved,federal_agency,government,monetary,statistical_model,CFPB $23M enforcement,,CFPB Enforcement,https://www.consumerfinance.gov/enforcement/actions/transunion-tenant-screening/,,Verified,2025-01-27
HOU-15,DOJ v. RealPage,2025,Housing,US-Federal,Full,Achieved,federal_agency,government,injunctive,machine_learning,DOJ antitrust action; Nov 2024 complaint; Jan 2025 Cortland consent decree; Dec 2025 LivCor consent decree; Nov 2025 settlement with RealPage ending confidential data sharing,United States v. RealPage Inc.,1:24-cv-00710 (M.D.N.C.),https://www.justice.gov/archives/opa/pr/justice-department-sues-realpage-algorithmic-pricing-scheme-harms-millions-american-renters,https://www.federalregister.gov/documents/2025/01/30/2025-01886/united-states-of-america-et-al-v-realpage-inc-et-al-proposed-final-judgment-and-competitive-impact,Verified,2025-12-27
HOU-16,AIR Property Management Settlement,2024,Housing,US-DC,Partial,Achieved,nonprofit,public_interest,policy_change,statistical_model,Equal Rights Center settlement for tenant screening discrimination against Housing Choice Voucher holders; updated screening processes required,,D.C. Superior Court,https://nlihc.org/resource/equal-rights-center-settles-voucher-discrimination-lawsuit,https://equalrightscenter.org/press-release-two-settlements/,Verified,2025-12-27
HLT-01,Lokken v. UnitedHealth,2025,Healthcare,US-Federal,Partial,Ongoing,private_class,private_counsel,pending,machine_learning,nH Predict Medicare Advantage denials; Feb 2025 ruling: breach of contract and good faith claims survive MTD; exhaustion waived due to irreparable harm; 90% error rate alleged; Medicare preemption rejected for contract claims,Estate of Lokken v. UnitedHealth Group,0:23-cv-03514-JRT-SGE (D. Minn.),https://www.statnews.com/2023/11/14/unitedhealth-class-action-lawsuit-algorithm-medicare-advantage/,https://www.cbsnews.com/news/unitedhealth-lawsuit-ai-deny-claims-medicare-advantage-health-insurance-denials/,Verified,2025-12-27
HLT-02,Humana/nH Predict,2023,Healthcare,US-Federal,Partial,Ongoing,private_class,private_counsel,pending,machine_learning,nH Predict denials; exhaustion requirement waived Aug 2025,Barrows v. Humana Inc.,3:23-cv-00654-RGJ (W.D. Ky.),https://www.healthcaredive.com/news/humana-lawsuit-algorithm-medicare-advantage-deny-claims/702403/,https://litigationtracker.law.georgetown.edu/wp-content/uploads/2023/12/Barrows-et-al-v.-Humana-Inc.-Docket-No.-3-23-cv-00654-W.D.-Ky.-Dec-12-2023-Court-Docket.pdf,Verified,2025-01-27
HLT-03,Cigna PxDx Auto-Denials,2023,Healthcare,US-Federal,Full,Ongoing,private_class,private_counsel,pending,rule_based,300K+ automated claim denials in 2.5 seconds,,Federal Court,https://www.propublica.org/article/cigna-pxdx-medical-health-insurance-denials-claims,,Verified,2025-01-27
HLT-04,Optum Risk Scoring,2019,Healthcare,US-Federal,Full,Achieved,academic,academic,system_modified,machine_learning,Obermeyer et al. Science study led to algorithm modification,Obermeyer et al. 2019,Science 366(6464),https://www.science.org/doi/10.1126/science.aax2342,https://pubmed.ncbi.nlm.nih.gov/31649194/,Verified,2025-01-27
HLT-05,Epic Sepsis Model,2021,Healthcare,US-Federal,Partial,Achieved,academic,academic,system_modified,machine_learning,External validation enabled; Wong et al. JAMA study,Wong et al. 2021,JAMA Intern Med,https://jamanetwork.com/journals/jamainternalmedicine/fullarticle/2781307,,Verified,2025-01-27
HLT-06,Aetna Prior Authorization,2023,Healthcare,US-Federal,None,Ongoing,federal_agency,government,pending,machine_learning,Medicare Advantage denial automation; Senate investigation,,Senate PSI Report,https://www.psr.org/wp-content/uploads/2024/10/PSI-MA-Report.pdf,,Verified,2025-01-27
HLT-10,Olive AI Prior Authorization,2023,Healthcare,US-Federal,None,Ongoing,individual,private_counsel,pending,machine_learning,Company liquidated 2023; sold PA unit to Humata Health; JobsOhio lawsuit settled,,Federal Court,https://www.beckershospitalreview.com/healthcare-information-technology/digital-health/lawsuit-against-olive-ai-dropped/,,Verified,2025-01-27
HLT-11,NaviHealth Transitions,2024,Healthcare,US-Federal,Partial,Ongoing,private_class,private_counsel,pending,machine_learning,Related to UnitedHealth litigation; nH Predict,,Federal Court,https://www.mcknights.com/news/humana-must-face-class-action-suit-over-use-of-ai-in-denying-post-acute-care/,,Verified,2025-01-27
HLT-12,Change Healthcare Breach,2024,Healthcare,US-Federal,Partial,Ongoing,federal_agency,government,pending,unknown,Data breach revealed algorithmic details; HHS investigation,,Multiple,https://www.hhs.gov/hipaa/for-professionals/breach-notification/index.html,,Verified,2025-01-27
HLT-13,Stanford Sepsis Model,2021,Healthcare,US-Federal,Full,Achieved,academic,academic,system_modified,machine_learning,Validation challenge successful,Sendak et al. 2021,Nature Medicine,https://www.nature.com/articles/s41591-021-01304-7,,Verified,2025-01-27
HLT-14,LACDMH Predictive Model,2019,Healthcare,US-CA,Partial,Achieved,nonprofit,public_interest,system_discontinued,machine_learning,Mental health algorithm suspended after advocacy,,County Policy,https://www.wired.com/story/los-angeles-dcfs-predictive-policing/,,Verified,2025-01-27
HLT-15,VA Suicide Prediction (REACH VET),2023,Healthcare,US-Federal,None,Ongoing,federal_agency,government,pending,machine_learning,Accuracy concerns; GAO review,,VA/GAO,https://www.gao.gov/products/gao-21-228,,Verified,2025-01-27
HLT-16,Kisting-Leung v. Cigna (PxDx),2025,Healthcare,US-Federal,Partial,Ongoing,private_class,private_counsel,pending,rule_based,Class action challenging Cigna PxDx auto-denial system; CA federal judge partially allowed case (state unfair competition claims survive preemption); ProPublica investigation revealed 300K+ claims denied in batches; Cigna denies PxDx uses AI,,E.D. Cal.,https://news.bloomberglaw.com/health-law-and-business/,https://www.propublica.org/article/cigna-pxdx-medical-health-insurance-denials-claims,Verified,2025-12-27
CJ-01,State v. Loomis (COMPAS),2016,Criminal Justice,US-WI,None,Denied,individual,public_interest,none,statistical_model,No right to algorithmic disclosure; due process satisfied by general info,State v. Loomis,881 N.W.2d 749 (Wis. 2016),https://scholar.google.com/scholar_case?case=10203328462253455498,https://www.propublica.org/article/machine-bias-risk-assessments-in-criminal-sentencing,Verified,2025-01-27
CJ-02,Pasco County Intelligence-Led Policing,2024,Criminal Justice,US-FL,Full,Achieved,individual,public_interest,monetary,statistical_model,$105K settlement; program ended,Parks v. Nocco,M.D. Fla.,https://www.tampabay.com/news/pasco/2024/12/04/pasco-sheriff-settles-lawsuit-filed-over-controversial-policing-program/,https://ij.org/case/pasco-county-predictive-policing/,Verified,2025-01-27
CJ-03,Williams v. Detroit (Facial Recognition),2024,Criminal Justice,US-MI,Full,Achieved,individual,public_interest,policy_change,machine_learning,Strongest facial recognition policies adopted,,Settlement/Policy,https://www.aclu.org/press-releases/detroit-reaches-settlement-in-first-ever-lawsuit-challenging-police-use-of-facial-recognition-technology,,Verified,2025-01-27
CJ-04,Reid v. Jefferson Parish,2025,Criminal Justice,US-LA,Full,Achieved,individual,public_interest,monetary,machine_learning,$200K settlement; facial recognition misidentification,,Settlement,https://www.nola.com/news/courts/jefferson-parish-to-pay-200k-to-settle-civil-rights-lawsuit-over-facial-recognition-arrest/,,Verified,2025-01-27
CJ-05,Woodruff v. Detroit,2023,Criminal Justice,US-MI,None,Ongoing,individual,public_interest,pending,machine_learning,Pregnant woman wrongfully arrested; FR misidentification,,Federal Court,https://www.aclu.org/cases/woodruff-v-city-of-detroit,,Verified,2025-01-27
CJ-06,Parks v. McCormac (NJ),2024,Criminal Justice,US-NJ,Partial,Ongoing,individual,public_interest,pending,machine_learning,Facial recognition wrongful imprisonment; first case with discovery record,Parks v. McCormac,21-cv-04021 (D.N.J.),https://www.aclu.org/cases/parks-v-mccormac,https://newjerseymonitor.com/2024/02/01/lawsuit-seen-as-crucial-test-of-police-use-of-facial-recognition-technology/,Verified,2025-01-27
CJ-07,Williams v. Chicago (ShotSpotter),2024,Criminal Justice,US-IL,Full,Achieved,individual,public_interest,monetary,machine_learning,ShotSpotter wrongful arrest; $90K settlement,,Settlement,https://www.theguardian.com/us-news/2024/jan/shotspotter-lawsuit-settlement-chicago-false-arrest,,Verified,2025-01-27
CJ-08,FTC v. Rite Aid,2023,Criminal Justice,US-Federal,Full,Achieved,federal_agency,government,injunctive,machine_learning,5-year facial recognition ban,,FTC Order,https://www.ftc.gov/news-events/news/press-releases/2023/12/rite-aid-banned-using-ai-facial-recognition-after-ftc-says-retailer-deployed-technology-without,https://www.ftc.gov/legal-library/browse/cases-proceedings/2023190-rite-aid-corporation-ftc-v,Verified,2025-01-27
CJ-09,Clearview AI (ACLU v.),2022,Criminal Justice,US-IL,Partial,Achieved,nonprofit,public_interest,injunctive,machine_learning,Illinois BIPA; nationwide injunction,ACLU v. Clearview AI,IL State Court,https://www.aclu.org/cases/aclu-v-clearview-ai,,Verified,2025-01-27
CJ-10,Clearview AI Class Action,2025,Criminal Justice,US-IL,Partial,Achieved,private_class,private_counsel,monetary,machine_learning,$51.75M settlement (23% equity),,IL Class Action,https://www.reuters.com/legal/clearview-ai-reaches-5175-mln-settlement-privacy-lawsuit-2024-09-04/,,Verified,2025-01-27
CJ-11,LAPD LASER Program,2019,Criminal Justice,US-CA,Full,Achieved,nonprofit,public_interest,system_discontinued,statistical_model,Audit revealed racial bias; program ended,,OIG Audit,https://oig.lacity.org/sites/g/files/wph1496/files/2019-03/LASER_Phase1.pdf,https://www.brennancenter.org/our-work/research-reports/lapd-laser-and-palantir,Verified,2025-01-27
CJ-12,ShotSpotter Chicago,2024,Criminal Justice,US-IL,Partial,Achieved,nonprofit,public_interest,system_discontinued,machine_learning,City contract not renewed,,City Policy,https://www.chicago.gov/city/en/depts/mayor/press_room/press_releases/2024/february/shotspotter.html,,Verified,2025-01-27
CJ-13,NYPD Gang Database,2023,Criminal Justice,US-NY,None,Ongoing,nonprofit,public_interest,pending,statistical_model,Due process challenge; discovery denied,,NY State Court,https://www.nyclu.org/en/cases/gang-database-lawsuits,,Verified,2025-01-27
CJ-14,Murphy v. Macy's/EssilorLuxottica,2024,Criminal Justice,US-TX,None,Ongoing,individual,private_counsel,pending,machine_learning,Harvey Eugene Murphy Jr. $10M lawsuit for wrongful arrest due to facial recognition misidentification; arrested for robbery despite being in California at time; spent 10 days in jail; filed Jan 2024 in Harris County TX,Murphy v. Macy's Inc.,Harris County TX (Jan 2024),https://www.click2houston.com/news/local/2024/01/18/lawsuit-texas-man-says-facial-recognition-technology-got-him-falsely-arrested-for-robbery/,,Verified,2025-12-27
CJ-15,Palantir/ICE (EPIC FOIA),2020,Criminal Justice,US-Federal,Partial,Achieved,nonprofit,public_interest,policy_change,machine_learning,FOIA; documents released,,FOIA,https://epic.org/foia/dhs/ice/palantir/,,Verified,2025-01-27
CJ-16,Amazon Ring/Police Partnerships,2023,Criminal Justice,US-Federal,None,Ongoing,nonprofit,public_interest,pending,machine_learning,Privacy claims; EFF advocacy,,Federal Court,https://www.eff.org/deeplinks/2023/07/amazons-ring-partnership-police-raises-civil-liberties-concerns,,Verified,2025-01-27
CJ-17,Geofence Warrant Cases,2022,Criminal Justice,US-Federal,Partial,Achieved,individual,public_interest,policy_change,unknown,Courts limiting warrant scope,,Multiple Courts,https://www.eff.org/issues/location-tracking-and-geofence-warrants,,Verified,2025-01-27
CJ-18,Peppermill Casino Facial Recognition,2024,Criminal Justice,US-NV,Partial,Achieved,individual,private_counsel,monetary,machine_learning,Jason Killinger wrongful arrest; Peppermill settled May 2024; officer suit pending,Killinger v. Jager,3:25-cv-00388 (D. Nev.),https://www.casino.org/news/peppermill-renos-facial-recognition-tech-leads-to-wrongful-arrest/,https://thisisreno.com/2025/11/peppermill-casino-ai-misidentification/,Verified,2025-01-27
CJ-19,NYPD Facial Recognition (Williams),2025,Criminal Justice,US-NY,None,Ongoing,individual,public_interest,pending,machine_learning,Trevis Williams wrongful arrest; 8 inches taller than suspect,,NY Federal Court,https://www.stopspying.org/latest-news/2025/9/4/he-nypds-false-facial-recognition-arrest,https://abc7ny.com/post/man-falsely-jailed-nypds-facial-recognition-surveillance-tech-failed/17664671/,Verified,2025-01-27
CJ-20,Buenos Aires Facial Recognition,2023,Criminal Justice,Argentina,Partial,Achieved,nonprofit,public_interest,system_discontinued,machine_learning,Ruled unconstitutional,,Argentine Court,https://www.accessnow.org/press-release/buenos-aires-facial-recognition/,,Verified,2025-01-27
CJ-21,UK Bridges v. South Wales Police,2020,Criminal Justice,UK,Partial,Achieved,individual,public_interest,policy_change,machine_learning,Court of Appeal ruling,R (Bridges) v. CC South Wales Police,[2020] EWCA Civ 1058,https://www.judiciary.uk/wp-content/uploads/2020/08/R-Bridges-v-CC-South-Wales-ors-Judgment.pdf,https://www.libertyhumanrights.org.uk/issue/legal-challenge-ed-bridges-v-south-wales-police/,Verified,2025-01-27
CJ-22,Ewert v. Canada,2018,Criminal Justice,Canada,Full,Achieved,individual,public_interest,system_modified,statistical_model,Supreme Court; validation required for Indigenous offenders,Ewert v. Canada,2018 SCC 30,https://scc-csc.ca/case-dossier/info/sum-som-eng.aspx?cas=37233,https://www.cbc.ca/news/politics/ewert-supreme-court-indigenous-bias-1.4703884,Verified,2025-01-27
CJ-23,TrueAllele DNA (New Jersey),2020,Criminal Justice,US-NJ,Full,Achieved,individual,public_defender,policy_change,statistical_model,First DNA algorithm source code disclosure,,NJ Superior Court,https://www.propublica.org/article/this-software-analyzed-a-crime-scene-photo-attorneys-demanded-to-see-how,,Verified,2025-01-27
CJ-24,People v. Wakefield (NY),2024,Criminal Justice,US-NY,Full,Achieved,individual,public_defender,policy_change,statistical_model,FST DNA algorithm disclosed,,NY Court,https://www.nytimes.com/2024/03/12/nyregion/new-york-dna-testing-fst.html,,Verified,2025-01-27
CJ-25,People v. Hardy (IL),2023,Criminal Justice,US-IL,Full,Achieved,individual,public_defender,policy_change,machine_learning,ShotSpotter evidence reviewed,,IL Court,https://www.macarthurjustice.org/case/people-v-hardy/,,Verified,2025-01-27
CJ-26,Chicago Strategic Subject List,2020,Criminal Justice,US-IL,Partial,Achieved,nonprofit,public_interest,system_discontinued,statistical_model,FOIA led to audit; program ended,,FOIA/Audit,https://www.rand.org/pubs/research_reports/RR3242.html,https://www.chicagotribune.com/news/criminal-justice/ct-chicago-police-strategic-subject-list-ended-20200127-xbqwbamzpvb4nk5ifz4vtrmapu-story.html,Verified,2025-01-27
CJ-27,CalGang Database,2020,Criminal Justice,US-CA,Partial,Achieved,state_AG,government,system_modified,statistical_model,12K+ records purged after audit,,CA DOJ Audit,https://oag.ca.gov/calgang,,Verified,2025-01-27
CJ-28,Arnold Foundation PSA,2020,Criminal Justice,US-Federal,Partial,Achieved,academic,academic,system_modified,statistical_model,Validation led to modifications,,Research,https://advancingpretrial.org/psa/,,Verified,2025-01-27
CJ-29,New Orleans Pretrial Algorithm,2018,Criminal Justice,US-LA,Partial,Achieved,nonprofit,public_interest,system_discontinued,statistical_model,Algorithm suspended,,City Policy,https://www.themarshallproject.org/2020/02/25/a-computer-was-going-to-determine-if-i-went-to-jail,,Verified,2025-01-27
CJ-31,Crutchfield v. City of Detroit,2025,Criminal Justice,US-MI,None,Ongoing,individual,public_interest,pending,machine_learning,Fourth known Detroit FRT wrongful arrest; 37-year-old Black mother arrested for attempted murder in front of children Jan 2024 based on facial recognition; Detroit denies using FRT but database search identified her; pattern of systemic FRT misuse,Crutchfield v. City of Detroit,E.D. Mich.,https://www.detroitnews.com/story/news/local/detroit-city/2025/02/18/detroit-woman-sues-over-wrongful-arrest-says-facial-recognition-misidentified-her/79141896007/,https://www.michiganpublic.org/,Verified,2025-12-27
CJ-32,Dillon v. Jacksonville Beach PD,2025,Criminal Justice,US-FL,None,Ongoing,individual,private_counsel,pending,machine_learning,Robert Dillon wrongfully arrested Aug 2024 for child luring 300+ miles away; FACES system using Idemia algorithms returned 93% match; charges dropped; arrest expunged; first known white FRT wrongful arrest victim; planning lawsuit,,FL State (anticipated),https://gulfcoastnews.com/,https://www.actionnewsjax.com/news/,Verified,2025-12-27
GOV-01,Robodebt (Australia),2023,Government Benefits,Australia,Full,Achieved,private_class,public_interest,monetary,rule_based,Royal Commission; $1.8B settlement,,Royal Commission,https://robodebt.royalcommission.gov.au/,https://robodebt.royalcommission.gov.au/publications/report,Verified,2025-01-27
GOV-02,Bauserman v. Michigan UIA,2024,Government Benefits,US-MI,Full,Achieved,private_class,public_interest,monetary,rule_based,MiDAS fraud detection; $20M settlement,,MI Settlement,https://www.michigan.gov/ag/news/press-releases/2023/08/28/ag-nessel-reaches-settlement-in-midas-unemployment-fraud-case,,Verified,2025-01-27
GOV-03,Cahoo v. SAS Analytics,2024,Government Benefits,US-MI,Partial,Ongoing,private_class,private_counsel,pending,rule_based,MiDAS vendors; 6th Circuit reversed qualified immunity 2023,Cahoo v. SAS Analytics Inc.,2:17-cv-10657 (E.D. Mich.),https://law.justia.com/cases/federal/appellate-courts/ca6/18-1296/18-1296-2019-01-03.html,https://www.btah.org/case-study/michigan-unemployment-insurance-false-fraud-determinations.html,Verified,2025-01-27
GOV-04,K.W. v. Armstrong (Idaho),2016,Government Benefits,US-ID,Full,Achieved,private_class,public_interest,policy_change,rule_based,Medicaid; formula disclosed,K.W. v. Armstrong,9th Circuit,https://scholar.google.com/scholar_case?case=11093566868485266944,,Verified,2025-01-27
GOV-05,Ledgerwood v. Arkansas DHS,2019,Government Benefits,US-AR,Full,Achieved,private_class,public_interest,system_modified,rule_based,ARChoices; algorithm changed,,AR Federal Court,https://www.nytimes.com/2018/03/20/business/economy/arkansas-medicaid-algorithm.html,,Verified,2025-01-27
GOV-06,Allegheny County (DOJ),2023,Government Benefits,US-PA,Partial,Ongoing,federal_agency,government,pending,machine_learning,Child welfare algorithm; DOJ investigation,,DOJ Investigation,https://apnews.com/article/child-welfare-algorithm-bias-pennsylvania-4f61c4c44a354af59bf58dd70f3e68f3,,Verified,2025-01-27
GOV-07,Oregon Child Welfare,2022,Government Benefits,US-OR,Full,Achieved,nonprofit,public_interest,system_discontinued,machine_learning,System discontinued,,State Policy,https://www.oregonlive.com/politics/2022/06/oregon-drops-tool-that-promised-to-help-child-abuse-screening-workers.html,,Verified,2025-01-27
GOV-08,Indiana Welfare Automation,2012,Government Benefits,US-IN,None,Denied,private_class,private_counsel,none,rule_based,Administrative challenge failed,,IN Courts,https://www.indystar.com/story/news/politics/2018/11/19/indiana-ibm-battle-over-billion-dollar-welfare-automation-contract/2048009002/,,Verified,2025-01-27
GOV-10,Texas Medicaid Algorithm,2024,Government Benefits,US-TX,Partial,Ongoing,nonprofit,public_interest,pending,statistical_model,FTC complaint against Deloitte TIERS; ADA complaint filed,,FTC/ADA Complaint,https://www.texastribune.org/2024/01/31/texas-medicaid-federal-trade-commission-deloitte/,https://disabilityrightstx.org/en/press_release/texas-medicaid-complaint/,Verified,2025-01-27
GOV-11,California EDD Fraud Detection,2021,Government Benefits,US-CA,None,Achieved,private_class,private_counsel,policy_change,rule_based,Mass lockouts reversed,,CA State,https://www.latimes.com/california/story/2021-01-29/california-unemployment-fraud-bank-america-edd,,Verified,2025-01-27
GOV-14,UK Universal Credit,2019,Government Benefits,UK,Partial,Achieved,nonprofit,public_interest,policy_change,rule_based,R (Johnson) v SSWP: algorithm found unlawful for wage calculation,R (Johnson) v SSWP,[2019] EWHC 23 (Admin),https://leighday.co.uk/News/2019/January-2019/High-Court-finds-DWP-unlawful-on-universal-credit,https://www.hrw.org/report/2020/09/29/automated-hardship/how-tech-driven-overhaul-uks-social-security-system-worsens,Verified,2025-01-27
GOV-15,Dutch Childcare Benefits,2021,Government Benefits,Netherlands,Full,Achieved,private_class,public_interest,monetary,statistical_model,Government resigned over scandal,,Parliamentary Inquiry,https://en.wikipedia.org/wiki/Dutch_childcare_benefits_scandal,https://www.amnesty.org/en/latest/news/2021/10/xenophobic-machines-dutch-child-benefit-scandal/,Verified,2025-01-27
GOV-16,Missouri Medicaid Cuts,2024,Government Benefits,US-MO,Partial,Ongoing,private_class,public_interest,pending,statistical_model,Algorithm-based HCBS reduction; 18% may lose services,,MO State,https://missouriindependent.com/2024/10/02/missourians-with-disabilities-and-seniors-could-lose-at-home-care-under-new-eligibility-algorithm/,,Verified,2025-01-27
GOV-17,Netherlands SyRI,2020,Government Benefits,Netherlands,Full,Achieved,nonprofit,public_interest,system_discontinued,statistical_model,ECHR Article 8; system banned,NJCM v. Netherlands,ECLI:NL:RBDHA:2020:1878,https://www.loc.gov/item/global-legal-monitor/2020-03-13/netherlands-court-prohibits-governments-use-of-ai-software-to-detect-welfare-fraud/,https://epic.org/dutch-court-rules-secret-welfare-algorithm-violates-human-rights/,Verified,2025-01-27
GOV-18,Poland Unemployment Algorithm,2019,Government Benefits,Poland,Partial,Achieved,nonprofit,public_interest,system_discontinued,statistical_model,System abolished by Constitutional Tribunal,,Polish Courts,https://panoptykon.org/decision-polish-constitutional-tribunal,,Verified,2025-01-27
GOV-19,Austria AMS Algorithm,2020,Government Benefits,Austria,Partial,Achieved,federal_agency,government,system_discontinued,statistical_model,Data protection authority ban upheld,,Austrian DPA,https://algorithmwatch.org/en/austrian-ams-algorithm/,,Verified,2025-01-27
GOV-20,UK Visa Streaming (JCWI),2020,Government Benefits,UK,Partial,Achieved,nonprofit,public_interest,system_discontinued,machine_learning,Discrimination found; system withdrawn,R (JCWI) v. SSHD,UK High Court,https://www.jcwi.org.uk/news/home-office-to-scrap-visa-streaming-algorithm-after-our-legal-challenge,,Verified,2025-01-27
GOV-21,Kenya Huduma Namba,2021,Government Benefits,Kenya,Partial,Achieved,nonprofit,public_interest,policy_change,unknown,Safeguards required by court,Nubian Rights Forum v. AG,Kenyan High Court,https://www.accessnow.org/press-release/kenya-court-ruling-digital-id/,,Verified,2025-01-27
GOV-22,India Aadhaar,2018,Government Benefits,India,None,Denied,nonprofit,public_interest,none,unknown,Supreme Court upheld system with some limits,Puttaswamy v. Union of India,(2019) 1 SCC 1,https://main.sci.gov.in/supremecourt/2012/35071/35071_2012_Judgement_26-Sep-2018.pdf,,Verified,2025-01-27
GOV-23,Indiana v. IBM,2024,Government Benefits,US-IN,Full,Achieved,state_AG,government,monetary,rule_based,$78M judgment for welfare automation failures,Indiana v. IBM,IN Supreme Court,https://www.reuters.com/article/us-ibm-indiana-lawsuit-idUSKBN1AI1TZ/,,Verified,2025-01-27
GOV-24,UK Ofqual A-Levels,2020,Government Benefits,UK,Full,Achieved,private_class,public_interest,system_discontinued,statistical_model,Algorithm abandoned after protests,,UK Policy,https://www.bbc.com/news/education-53787203,,Verified,2025-01-27
GOV-25,LA County Bridgespan/DCFS,2019,Government Benefits,US-CA,Partial,Achieved,nonprofit,public_interest,system_discontinued,machine_learning,Child welfare algorithm suspended,,County Policy,https://www.wired.com/story/los-angeles-dcfs-predictive-policing/,,Verified,2025-01-27
GOV-26,UK DWP Algorithms,2019,Government Benefits,UK,Partial,Ongoing,nonprofit,public_interest,pending,machine_learning,Multiple ongoing challenges related to Universal Credit,,UK Courts,https://www.bigbrotherwatch.org.uk/campaigns/universal-credit/,https://committees.parliament.uk/writtenevidence/131474/html/,Verified,2025-01-27
GOV-27,France Pole Emploi,2020,Government Benefits,France,Partial,Achieved,nonprofit,public_interest,policy_change,machine_learning,Disclosure ordered by La Quadrature du Net,,French Court,https://www.laquadrature.net/en/2022/01/11/pole-emploi-forced-to-disclose-its-algorithm/,,Verified,2025-01-27
GOV-28,Serbia Social Benefits,2022,Government Benefits,Serbia,None,Ongoing,nonprofit,public_interest,pending,machine_learning,A11 Initiative Constitutional Court challenge filed April 2022; Social Card registry (World Bank-funded) introduced automation; 23K+ people removed from benefits; Roma and disabled disproportionately affected; Amnesty 'Trapped by Automation' report Dec 2023,A11 Initiative v. Serbia,Constitutional Court (April 2022),https://www.amnesty.org/en/latest/research/2023/12/trapped-by-automation-poverty-and-discrimination-in-serbias-welfare-state/,https://a11initiative.org/,Verified,2025-12-27
GOV-29,South Africa SASSA,2018,Government Benefits,South Africa,Partial,Achieved,nonprofit,public_interest,policy_change,unknown,Grant reinstatement,Black Sash v. Minister,SA Constitutional Court,http://www.saflii.org/za/cases/ZACC/2017/20.html,,Verified,2025-01-27
GOV-30,Ryan S. v. UnitedHealth Group,2024,Government Benefits,US-Federal,Partial,Ongoing,private_class,private_counsel,pending,machine_learning,9th Circuit reversed district court dismissal of class action against UnitedHealth for systematic denial of mental health and substance use disorder treatment claims; case to be decided on merits,,9th Circuit,https://www.agg.com/news-insights/publications/ninth-circuit-reverses-dismissal-of-class-action-against-unitedhealthcare/,,Verified,2025-12-27
CRD-01,CFPB v. Upstart,2022,Credit,US-Federal,Full,Achieved,federal_agency,government,system_modified,machine_learning,Fair lending; model changes required; NAL terminated,,CFPB NAL,https://www.consumerfinance.gov/about-us/newsroom/cfpb-announces-first-no-action-letter-upstart-network/,https://www.consumerfinance.gov/about-us/newsroom/cfpb-issues-order-to-terminate-upstart-no-action-letter/,Verified,2025-01-27
CRD-02,CFPB v. Citibank,2023,Credit,US-Federal,Full,Achieved,federal_agency,government,monetary,rule_based,$25.9M; Armenian surname discrimination,,CFPB Enforcement,https://www.consumerfinance.gov/about-us/newsroom/prepared-remarks-of-cfpb-director-rohit-chopra-on-press-call-for-cfpbs-enforcement-action-against-citi-for-illegal-discrimination-targeting-armenian-americans/,https://www.americanbanker.com/news/citi-will-pay-26m-to-settle-cfpb-claims-of-bias-against-armenian-americans,Verified,2025-01-27
CRD-03,CFPB v. Credit Acceptance,2023,Credit,US-Federal,Partial,Ongoing,federal_agency,government,pending,statistical_model,Predatory auto lending,,CFPB Enforcement,https://www.consumerfinance.gov/enforcement/actions/credit-acceptance-corporation/,,Verified,2025-01-27
CRD-04,CFPB v. Experian,2025,Credit,US-Federal,Partial,Ongoing,federal_agency,government,pending,rule_based,Sham dispute investigations,,CFPB Enforcement,https://www.consumerfinance.gov/enforcement/actions/experian-information-solutions-inc/,,Verified,2025-01-27
CRD-05,Apple Card (NY DFS),2021,Credit,US-NY,Partial,Achieved,state_AG,government,policy_change,machine_learning,Goldman policy changes,,NY DFS Investigation,https://www.dfs.ny.gov/reports_and_publications/press_releases/pr202103241,,Verified,2025-01-27
CRD-06,Zest AI Fair Lending,2021,Credit,US-Federal,Full,Achieved,federal_agency,government,policy_change,machine_learning,CFPB no-action letter,,CFPB NAL,https://www.zest.ai/resources/zest-ai-receives-no-action-letter-from-cfpb,,Verified,2025-01-27
CRD-07,TX AG v. GM/LexisNexis,2024,Credit,US-TX,Partial,Ongoing,state_AG,government,pending,machine_learning,Telematics data; 1.8M Texans,,TX AG,https://www.texasattorneygeneral.gov/news/releases/attorney-general-ken-paxton-sues-general-motors-deceptively-collecting-and-selling-drivers-data,,Verified,2025-01-27
CRD-08,TX AG v. Allstate/Arity,2025,Credit,US-TX,Partial,Ongoing,state_AG,government,pending,machine_learning,Telematics data; 45M Americans,,TX AG,https://www.texasattorneygeneral.gov/news/releases/attorney-general-ken-paxton-sues-allstate-and-arity-deceptively-collecting-and-selling-drivers-data,,Verified,2025-01-27
CRD-09,Chicco v. GM/LexisNexis,2024,Credit,US-FL,Partial,Ongoing,private_class,private_counsel,pending,machine_learning,OnStar data sharing class action; FCRA and FL privacy claims,Chicco v. General Motors,S.D. Fla.,https://www.insurancebusinessmag.com/us/news/technology/gm-lexisnexis-face-class-action-over-telematics-insurance-data-collection-481325.aspx,https://www.repairerdrivennews.com/2024/03/29/data-privacy-suit-filed-against-gm-lexisnexis-and-onstar-following-nyt-investigation/,Verified,2025-01-27
CRD-10,FTC v. Grubhub,2024,Credit,US-Federal,Full,Achieved,federal_agency,government,monetary,rule_based,$25M; hidden fees,,FTC Order,https://www.ftc.gov/news-events/news/press-releases/2024/09/ftc-compels-grubhub-stop-cheating-diners-and-workers,,Verified,2025-01-27
CRD-11,DoorDash Illinois,2024,Credit,US-IL,Full,Achieved,state_AG,government,monetary,rule_based,$11.3M; tip misrepresentation,,IL AG Settlement,https://www.ilattorneygeneral.gov/PressRoom/2024_09/20240930.html,,Verified,2025-01-27
CRD-12,Lemonade AI Claims,2022,Credit,US-IL,Partial,Achieved,private_class,private_counsel,monetary,machine_learning,$4M BIPA settlement for faceprint data; separate $4.9M privacy settlement,Clarke v. Lemonade Inc.,IL State Court,https://lemonadebipasettlement.com/,https://topclassactions.com/lawsuit-settlements/privacy/lemonade-insurance-company-collects-faceprints-without-permission-says-class-action/,Verified,2025-01-27
CRD-14,Root Insurance Pricing,2022,Credit,US-Federal,None,Ongoing,individual,private_counsel,pending,machine_learning,Note: Securities fraud case found; no specific discrimination case,Kolominsky v. Root Inc.,23-3392 (6th Cir.),https://law.justia.com/cases/federal/appellate-courts/ca6/23-3392/23-3392-2024-04-29.html,,Verified,2025-01-27
CRD-15,Equifax Score Disputes,2022,Credit,US-Federal,Partial,Achieved,federal_agency,government,monetary,statistical_model,CFPB enforcement,,CFPB Enforcement,https://www.consumerfinance.gov/enforcement/actions/equifax/,,Verified,2025-01-27
CRD-16,TransUnion (Spokeo),2021,Credit,US-Federal,Partial,Achieved,private_class,private_counsel,policy_change,statistical_model,FCRA; SCOTUS Article III standing ruling,TransUnion v. Ramirez,20-297 (SCOTUS),https://www.supremecourt.gov/opinions/20pdf/20-297_4g25.pdf,,Verified,2025-01-27
CRD-19,CFPB v. Bank of America,2023,Credit,US-Federal,Partial,Achieved,federal_agency,government,monetary,rule_based,$250M+; fees,,CFPB/OCC Enforcement,https://www.consumerfinance.gov/about-us/newsroom/bank-of-america-for-illegally-charging-junk-fees-withholding-credit-card-rewards-opening-fake-accounts/,https://www.consumerfinance.gov/enforcement/actions/bank-of-america-n-a-fees/,Verified,2025-01-27
CRD-20,CFPB v. Apple/Goldman,2024,Credit,US-Federal,Partial,Achieved,federal_agency,government,monetary,machine_learning,$89M; dispute handling,,CFPB Enforcement,https://www.consumerfinance.gov/enforcement/actions/apple-goldman-sachs-apple-card/,,Verified,2025-01-27
CRD-21,CFPB v. TD Bank,2024,Credit,US-Federal,Partial,Achieved,federal_agency,government,monetary,statistical_model,$28M; credit practices,,CFPB Enforcement,https://www.consumerfinance.gov/enforcement/actions/td-bank-na/,,Verified,2025-01-27
CRD-22,FTC v. DoNotPay,2024,Credit,US-Federal,Partial,Achieved,federal_agency,government,injunctive,machine_learning,False AI lawyer claims,,FTC Settlement,https://www.ftc.gov/news-events/news/press-releases/2024/09/ftc-takes-action-against-donotpay-providing-artificial-lawyer,,Verified,2025-01-27
CRD-23,FTC v. Evolv,2024,Credit,US-Federal,Partial,Achieved,federal_agency,government,injunctive,machine_learning,Unsubstantiated AI weapon detection claims,,FTC Settlement,https://www.ftc.gov/news-events/news/press-releases/2024/11/ftc-takes-action-against-evolv-technologies-unsubstantiated-claims-about-ai-based-weapons-detection,,Verified,2025-01-27
CRD-24,FTC v. IntelliVision,2024,Credit,US-Federal,Full,Achieved,federal_agency,government,injunctive,machine_learning,False bias-free facial recognition claims,,FTC Settlement,https://www.ftc.gov/news-events/news/press-releases/2024/12/ftc-takes-action-against-intellivision-technologies-deceptive-claims-about-its-facial-recognition,,Verified,2025-01-27
CRD-25,GM/OnStar (FTC),2024,Credit,US-Federal,Full,Achieved,federal_agency,government,injunctive,machine_learning,5-year data sharing ban,,FTC Order,https://www.ftc.gov/news-events/news/press-releases/2025/01/ftc-takes-action-against-general-motors-sharing-drivers-precise-location-driving-behavior-data,,Verified,2025-01-27
CRD-26,CJEU SCHUFA (Germany),2023,Credit,EU,Partial,Achieved,individual,public_interest,policy_change,statistical_model,GDPR Article 22 ruling; automated scoring is ADM,SCHUFA Holding AG,C-634/21 (CJEU),https://curia.europa.eu/juris/document/document.jsf?docid=280426&mode=lst&pageIndex=0&dir=&occ=first&part=1&text=&doclang=EN&cid=1234567,,Verified,2025-01-27
CRD-27,Patel v. Facebook (BIPA),2022,Credit,US-IL,Full,Achieved,private_class,private_counsel,monetary,machine_learning,$650M biometric settlement,Patel v. Facebook,IL Federal Court,https://www.reuters.com/article/us-facebook-privacy-idUSKBN2AE0RJ/,,Verified,2025-01-27
CRD-28,Navy Federal Credit Union,2024,Credit,US-Federal,Partial,Ongoing,federal_agency,government,pending,machine_learning,50%+ Black applicant rejection rate; CFPB/CNN investigation,,CFPB/Investigation,https://www.cnn.com/2023/12/14/business/navy-federal-credit-union-investigation/,,Verified,2025-01-27
CRD-30,GEICO Pricing Algorithm,2022,Credit,US-IL,Partial,Ongoing,private_class,private_counsel,pending,machine_learning,Race discrimination class action; survived partial MTD,,N.D. Ill.,https://www.bigclassaction.com/lawsuit/geico_race_classaction.php,https://consumercal.org/geico-pays-6m-to-settle-insurance-discrimination-claim/,Verified,2025-01-27
CRD-31,Hamburg DPA v. Financial Services Company,2025,Credit,Germany,Full,Achieved,federal_agency,government,monetary,machine_learning,€492K fine for failing to explain algorithmic credit card decisions; GDPR Article 22 violation; company failed to provide meaningful information about logic involved in automated decisions,,Hamburg DPA,https://datenschutz-hamburg.de/,https://www.biometricupdate.com/,Verified,2025-12-27
CRD-32,CK v. Dun & Bradstreet Austria (CJEU C-203/22),2025,Credit,EU,Full,Achieved,individual,public_interest,policy_change,statistical_model,LANDMARK CJEU RULING Feb 2025: Controllers must provide meaningful information about logic involved in automated decisions; trade secrets do not justify blanket refusal of transparency; builds on 2023 SCHUFA decision; binding EU precedent for algorithmic transparency,CJEU C-203/22,C-203/22 (CJEU),https://curia.europa.eu/juris/liste.jsf?num=C-203/22,,Verified,2025-12-27
HOU-17,DC AG v. RealPage,2023,Housing,US-DC,Partial,Ongoing,state_AG,government,pending,machine_learning,DC Attorney General antitrust action against RealPage algorithmic pricing; filed November 2023; claims RealPage YieldStar facilitates price-fixing among landlords; first state AG case against RealPage,District of Columbia v. RealPage,2023-CAB-6762 (D.C. Super. Ct.),https://oag.dc.gov/release/ag-schwalb-sues-realpage-and-10-major-corporate,https://www.reuters.com/legal/litigation/dc-sues-realpage-over-rent-pricing-algorithm-2023-11-01/,Verified,2025-12-27
HOU-19,Multi-State v. Greystar (RealPage Settlement),2025,Housing,US-Federal,Partial,Achieved,state_AG,government,monetary,machine_learning,Multi-state settlement with Greystar over RealPage algorithmic pricing use; Greystar agreed to discontinue use of RealPage revenue management software; part of broader state enforcement against RealPage ecosystem,,Multi-state Settlement,https://www.axios.com/2025/01/15/greystar-realpage-settlement-rent-algorithm,https://www.publicsource.org/realpage-antitrust-rent-pricing-lawsuit-settlement/,Verified,2025-12-27
HOU-20,In re RealPage Rental Software Antitrust Litigation (Tenant Class),2025,Housing,US-Federal,Partial,Achieved,private_class,private_counsel,monetary,machine_learning,$141M preliminary settlement with landlord defendants in tenant class action; largest algorithmic price-fixing settlement; covers claims against Cortland Camden Greystar and others; RealPage litigation continues,In re RealPage Inc. Rental Software Antitrust Litigation,3:23-md-03071 (M.D. Tenn.),https://www.reuters.com/legal/realpage-landlords-agree-141-million-rent-price-fixing-settlement-2025-01-10/,https://www.law360.com/articles/2249845/realpage-landlords-ink-141m-deal-in-rent-pricing-mdl,Verified,2025-12-27
HOU-22,EPIC v. Airbnb (FTC Complaint),2020,Housing,US-Federal,None,Denied,nonprofit,public_interest,none,machine_learning,EPIC FTC complaint challenging Airbnb trustworthiness scoring algorithm; alleged unfair and deceptive practices; FTC did not take enforcement action; scores used for host/guest matching,,FTC Complaint,https://epic.org/documents/in-re-airbnb-inc/,https://www.ftc.gov/legal-library/browse/cases-proceedings/public-statements,Verified,2025-12-27
EMP-36,EPIC v. HireVue (FTC Complaint),2019,Employment,US-Federal,None,Denied,nonprofit,public_interest,none,machine_learning,EPIC FTC complaint challenging HireVue AI video interview analysis; alleged unfair and deceptive practices for analyzing facial expressions and voice; FTC did not take enforcement action; led to HireVue discontinuing facial analysis in 2021,,FTC Complaint,https://epic.org/documents/in-re-hirevue/,https://www.washingtonpost.com/technology/2019/10/22/ai-hiring-face-scanning-algorithm-increasingly-decides-whether-you-deserve-job/,Verified,2025-12-27
PLT-01,Gonzalez v. Google LLC,2023,Platform Liability,US-Federal,Full,Denied,individual,private_counsel,none,machine_learning,SCOTUS considered claims tied to YouTube recommendations in ATA/Section 230 posture; case ultimately resolved without narrowing Section 230 in merits opinion,598 U.S. ___ (2023),No. 21-1333 (SCOTUS),https://www.supremecourt.gov/opinions/22pdf/21-1333_6j7a.pdf,https://www.supremecourt.gov/docket/docketfiles/html/public/21-1333.html,Verified,2025-12-27
PLT-02,Twitter Inc. v. Taamneh,2023,Platform Liability,US-Federal,Full,Denied,individual,private_counsel,none,machine_learning,SCOTUS addressed “aiding and abetting” liability allegations involving recommendation algorithms; unanimous opinion rejecting pleaded theory under ATA aiding-and-abetting standard,598 U.S. ___ (2023),No. 21-1496 (SCOTUS),https://www.supremecourt.gov/opinions/22pdf/21-1496_d18f.pdf,https://www.law.cornell.edu/supremecourt/text/21-1496,Verified,2025-12-27
PLT-03,Force v. Facebook Inc.,2019,Platform Liability,US-Federal,Full,Denied,private_class,private_counsel,none,machine_learning,2nd Cir held Section 230 barred claims including those challenging Facebook’s friend/connection recommendations as publisher functions,Force v. Facebook Inc.,934 F.3d 53 (2d Cir. 2019),No. 18-397 (2d Cir.),https://www.supremecourt.gov/DocketPDF/19/19-859/121682/20191106191715669_ForceApplicOpinions.pdf,https://cite.case.law/f3d/934/53/,Verified,2025-12-27
PLT-04,Dyroff v. The Ultimate Software Group Inc.,2019,Platform Liability,US-Federal,Full,Denied,individual,private_counsel,none,machine_learning,9th Cir held Section 230 barred claims tied to Experience Project’s recommendations/notifications and content organization,934 F.3d 1093 (9th Cir. 2019),No. 18-15175 (9th Cir.),https://cdn.ca9.uscourts.gov/datastore/opinions/2019/08/20/18-15175.pdf,https://law.justia.com/cases/federal/appellate-courts/ca9/18-15175/18-15175-2019-08-20.html,Verified,2025-12-27
PLT-05,M.P. v. Meta Platforms Inc.,2025,Platform Liability,US-Federal,Full,Denied,individual,private_counsel,none,machine_learning,4th Cir held Section 230 barred state tort claims attacking Facebook’s recommendation algorithm design/sorting/distribution of third-party content,M.P. v. Meta Platforms Inc.,No. 23-1880 (4th Cir. Feb. 4, 2025),2:22-cv-03830-RMG (D.S.C.),https://www.ca4.uscourts.gov/opinions/231880.P.pdf,,Verified,2025-12-27
GOV-32,Bates & Others v Post Office Ltd (No. 3) (Common Issues Trial),2019,Government/Services,UK,Full,Achieved,private_class,private_counsel,policy_change,rule_based,High Court “Common Issues” judgment in Horizon Group Litigation; major accountability findings re contractual/governance obligations around Horizon accounting system,Bates v Post Office Ltd (No 3),[2019] EWHC 606 (QB),,https://www.judiciary.uk/wp-content/uploads/2019/03/bates-v-post-office-judgment-no3-15-mar-19.pdf,https://www.haynesboone.com/-/media/project/haynesboone/haynesboone/pdfs/attorney-publications/2019/return-to-sender--post-office-group-litigation.pdf,Verified,2025-12-27
GOV-33,Bates & Others v Post Office Ltd (Horizon Issues),2019,Government/Services,UK,Full,Achieved,private_class,private_counsel,policy_change,rule_based,High Court “Horizon Issues” judgment finding bugs/errors/defects and reliability problems in Horizon; cornerstone for accountability narrative,[2019] EWHC 3408 (QB),,https://www.judiciary.uk/wp-content/uploads/2019/12/bates-v-post-office-judgment.pdf,https://www.judiciary.uk/judgments/bates-others-v-post-office/,Verified,2025-12-27
EMP-37,Uber (drivers) v Uber (GDPR access/ADM transparency),2021,Employment,Netherlands,Full,Achieved,union,public_interest,policy_change,machine_learning,Amsterdam District Court ordered production of categories of data incl. algorithmic profiling/automated decision info under GDPR access rights (part of Uber/Ola transparency litigation),Rb. Amsterdam,ECLI:NL:RBAMS:2021:1018,C/13/692003 / HA RK 20-302,https://uitspraken.rechtspraak.nl/details?id=ECLI:NL:RBAMS:2021:1018,https://www.workerinfoexchange.org/post/gig-workers-score-historic-digital-rights-victory-against-uber-ola-2,Verified,2025-12-27
EMP-38,Ola (drivers) v Ola (GDPR access/ADM transparency),2021,Employment,Netherlands,Full,Achieved,union,public_interest,policy_change,machine_learning,Amsterdam District Court ruling in linked litigation on GDPR access rights and meaningful information about logic in automated decisions (Ola case),Rb. Amsterdam,ECLI:NL:RBAMS:2021:1019,C/13/689705 / HA RK 20-258,https://uitspraken.rechtspraak.nl/inziendocument?id=ECLI:NL:RBAMS:2021:1019,https://fpf.org/wp-content/uploads/2022/05/FPF-ADM-Report-R2-singles.pdf,Verified,2025-12-27
EMP-39,Uber (drivers) v Uber (GDPR access/ADM transparency) (linked ruling),2021,Employment,Netherlands,Full,Achieved,union,public_interest,policy_change,machine_learning,Companion Amsterdam District Court decision in Uber/Ola series on GDPR access and automated decision-making transparency, Rb. Amsterdam,ECLI:NL:RBAMS:2021:1020,C/13/687315 / HA RK 20-207,https://uitspraken.rechtspraak.nl/inziendocument?id=ECLI:NL:RBAMS:2021:1020,https://fpf.org/wp-content/uploads/2022/05/FPF-ADM-Report-R2-singles.pdf,Verified,2025-12-27
HOU-24,RealPage Inc. v. James (challenge to NY “Rent Advice”/algorithmic pricing ban),2025,Housing,US-Federal,Partial,Ongoing,corporate,private_counsel,pending,machine_learning,RealPage filed federal constitutional challenge seeking to enjoin NY ban on algorithmic rent-pricing advice/recommendations (First Amendment/Due Process arguments),RealPage Inc. v. James,,S.D.N.Y. (filed Nov 2025),https://www.realpage.com/news/realpage-sues-to-stop-unconstitutional-new-york-law-banning-lawful-speech/,https://www.paulweiss.com/insights/client-memos/practical-takeaways-from-the-doj-s-algorithmic-pricing-settlement,Verified,2025-12-27
EMP-40,"Saas v. Major, Lindsey & Africa, LLC",2024,Employment,US-Federal,None,Denied,individual,private_counsel,none,machine_learning,Dismissal/affirmance in AI-hiring discrimination suit; court found allegations about AI use were speculative and not supported by evidence; illustrates evidentiary barriers when plaintiffs cannot access hiring system details early.,"Saas v. Major, Lindsey & Africa, LLC",No. 24-1527 (4th Cir. Nov. 21, 2024),https://cases.justia.com/federal/appellate-courts/ca4/24-1527/24-1527-2024-11-21.pdf?ts=1732210218,https://www.abajournal.com/news/article/plaintiff-fails-to-allege-ai-hiring-program-discriminated-against-women-with-mom-gaps,Verified,2025-12-27
CJ-33,"Simmons v. Motorola Solutions, Inc. (Vigilant Solutions/FaceSearch) (BIPA)",2025,Criminal Justice,US-IL,Partial,Achieved,private_class,private_counsel,pending,machine_learning,$47.5M BIPA settlement; final approval Sept 2025; FaceSearch facial recognition,"Simmons v. Motorola Solutions, Inc.",Case No. 2024-L-010142 (Cook Cty. Ill. Cir. Ct.),2024-L-010142 (Cook County, IL),https://simmonsbipasettlement.com/,https://www.prnewswire.com/news-releases/if-you-are-or-were-an-illinois-resident-or-were-present-in-illinois-and-your-photo-was-taken-or-used-by-law-enforcement-you-may-be-eligible-for-payment-from-a-class-action-settlement-302466365.html,Verified,2025-12-27
EMP-41,Glovo “Jarvis” algorithm disclosure order (Court of Palermo),2023,Employment,Italy,Partial,Achieved,individual,private_counsel,policy_change,machine_learning,Italian court order requiring disclosure of logic/mechanism used by Glovo’s 'Jarvis' system for assigning deliveries; notable for rejecting blanket trade-secrecy resistance in platform-work context.,Court of Palermo (Tribunale di Palermo) disclosure order (June 20, 2023),,https://apps.eurofound.europa.eu/platformeconomydb/italian-court-rules-glovo-must-disclose-ai-logic-and-mechanism-for-assigning-deliveries-to-riders-110036,,Verified,2025-12-27
GOV-34,NY State Comptroller Audit — NYC Local Law 144 (Automated Employment Decision Tools) enforcement,2025,Government/Services,US-NY,Full,Achieved,state_agency,government,policy_change,rule_based,"Audit found NYC DCWP enforcement of Local Law 144 inadequate; documents implementation/enforcement gaps in first-of-kind AI hiring regulation (e.g., low complaint intake and missed noncompliance).",Enforcement of Local Law 144 — Automated Employment Decision Tools (OSC Audit),,https://www.osc.ny.gov/state-agencies/audits/2025/12/02/enforcement-local-law-144-automated-employment-decision-tools,,Verified,2025-12-27
PLT-06,Herrick v. Grindr LLC,2019,Platform Liability,US-Federal,Full,Denied,individual,private_counsel,none,rule_based,Tort/product-liability theories against Grindr over impersonation and harassment; claims barred (incl. Section 230 analysis) in federal appellate disposition; widely cited in platform-liability context.,Herrick v. Grindr LLC,765 F. App’x 586 (2d Cir. 2019),,https://vlex.com/vid/herrick-v-grindr-889775968,https://www.documentcloud.org/documents/5971627-Herrick-v-Grindr-Dec2017-TRO-Request.html,Verified,2025-12-27
